{
  "checkpoint": "checkpoints\\chexpert_densenet121_v2.pt",
  "csv": "archive\\valid.csv",
  "view": "frontal",
  "rows": 202,
  "labels": [
    "Atelectasis",
    "Cardiomegaly",
    "Consolidation",
    "Edema",
    "Pleural Effusion"
  ],
  "model": "DenseNet121",
  "mean_auc": 0.8763721175369092,
  "valid_rows": 202,
  "thresholds": {
    "Atelectasis": 0.4417925775051117,
    "Cardiomegaly": 0.4436025619506836,
    "Consolidation": 0.5700501799583435,
    "Edema": 0.6647163033485413,
    "Pleural Effusion": 0.5783957839012146
  },
  "metrics": {
    "Atelectasis": {
      "label": "Atelectasis",
      "threshold": 0.4417925775051117,
      "precision": 0.6632653061224489,
      "recall": 0.8666666666666667,
      "sensitivity": 0.8666666666666667,
      "specificity": 0.7401574803149606,
      "f1": 0.7514450867052023,
      "positive_count": 75,
      "negative_count": 127,
      "tp": 65,
      "fp": 33,
      "tn": 94,
      "fn": 10
    },
    "Cardiomegaly": {
      "label": "Cardiomegaly",
      "threshold": 0.4436025619506836,
      "precision": 0.6833333333333333,
      "recall": 0.6212121212121212,
      "sensitivity": 0.6212121212121212,
      "specificity": 0.8602941176470589,
      "f1": 0.6507936507936507,
      "positive_count": 66,
      "negative_count": 136,
      "tp": 41,
      "fp": 19,
      "tn": 117,
      "fn": 25
    },
    "Consolidation": {
      "label": "Consolidation",
      "threshold": 0.5700501799583435,
      "precision": 0.49019607843137253,
      "recall": 0.78125,
      "sensitivity": 0.78125,
      "specificity": 0.8470588235294118,
      "f1": 0.6024096385542168,
      "positive_count": 32,
      "negative_count": 170,
      "tp": 25,
      "fp": 26,
      "tn": 144,
      "fn": 7
    },
    "Edema": {
      "label": "Edema",
      "threshold": 0.6647163033485413,
      "precision": 0.7674418604651163,
      "recall": 0.7857142857142857,
      "sensitivity": 0.7857142857142857,
      "specificity": 0.9375,
      "f1": 0.7764705882352941,
      "positive_count": 42,
      "negative_count": 160,
      "tp": 33,
      "fp": 10,
      "tn": 150,
      "fn": 9
    },
    "Pleural Effusion": {
      "label": "Pleural Effusion",
      "threshold": 0.5783957839012146,
      "precision": 0.8571428571428571,
      "recall": 0.75,
      "sensitivity": 0.75,
      "specificity": 0.9420289855072463,
      "f1": 0.7999999999999999,
      "positive_count": 64,
      "negative_count": 138,
      "tp": 48,
      "fp": 8,
      "tn": 130,
      "fn": 16
    }
  },
  "disclaimer": "Research prototype only. Do not use these results for medical decisions."
}